web-scraper-order,web-scraper-start-url,pages,pages-href,link,link-href,titulo,titulo-href,empresa,descripcion
"1605290653-1696","https://mx.indeed.com/jobs?q=Ciencia%20de%20datos&l=M%C3%A9xico&fromage=14&vjk=065486daa44e0906","","","","","Desarrollador de Software sin Experiencia","https://mx.indeed.com/company/Minsait/jobs/Desarrollador-software-sin-experiencia-e307ce1db654e78d?fccid=2f52469492874c9a&vjs=3","Minsait","Somos una de las principales empresas globales de tecnología y consultoría y el socio tecnológico global para los negocios clave de sus clientes en todo el mundo.A través de su unidad de negocio Minsait, Indra da respuesta a los retos que la transformación digital plantea a sus clientes, por medio de la oferta de resultados inmediatos y tangibles a empresas e instituciones.Minsait basa la fortaleza de su oferta comercial en su posición como una de las empresas líderes de la transformación digital.En éstos momentos estamos en búsqueda de Desarrolladores de Software.Requisitos: · Egresados titulados o en trámite de carreras como: Ing. en computación, ing. sistemas, ciencias de la computación o afín (truncos y estudiantes favor de abstenerse)· Conocimientos en Java, SQL, C#· Interesados en aprender Desarrollo de Software· Conocimiento avanzado de inglés (hablado y escrito)· Experiencia: No necesaria· Indispensable contar con las siguientes competencias:o Lógico, habilidades lógico matemáticas, enfocado en resolver problemas.o Independiente, autosuficiente en materia de aprendizaje.o Analíticoo Trabajo en equipoo Excelente actitudOfrecemos: · Contratación permanente con la compañía· Nomina 100% con prestaciones de ley y superiores· Capacitación continua· Retos laborales· CrecimientoInteresados favor de adjuntar su curriculum en formato personal con datos de contacto, no se tomarán en cuenta los CV´s en formato indeed.Tipo de puesto: Tiempo completo, IndefinidoHorario:Lunes a viernes"
"1605291313-1715","https://mx.indeed.com/jobs?q=Ciencia%20de%20datos&l=M%C3%A9xico&fromage=14&vjk=065486daa44e0906","2","https://mx.indeed.com/jobs?q=Ciencia+de+datos&l=M%C3%A9xico&fromage=14&start=10","Desarrollador Backend","https://mx.indeed.com/company/Growth-Partners-Up/jobs/Desarrollador-backend-8baf919882a32c17?fccid=6ab3d072478fd07a&vjs=3","REDACTOR DE PRODUCCIÓN EXP. EN TV","https://mx.indeed.com/company/Grupo-Milenio/jobs/Redactor-producci%C3%B3n-exp-tv-f95665a6fc8e483e?fccid=d2b8381d6767126c&vjs=3","Grupo Milenio","ESTAMOS EN BUSCA DE TU TALENTO COMO REDACTOR (EXPERIENCIA MÍNIMA 3 AÑOS).Contratación por HONORARIOS (postularse si cuentan con los requisitos solicitados)Actividades: -Redacción de notas-Capacidad de reporteo de nota informativa.-Búsqueda de datos periodísticos en tiempos breves.-Procesamiento en guiones y pautas.-Responsable de escribir todo lo conducente de contenidos periodísticos en formato televisivo.Requisitos: Licenciatura en periodismo, ciencias de la comunicación o afín (titulado)· Experiencia en redacción de noticias· Experiencia en televisión (preferentemente)· Excelente ortografía y redacción (requisito indispensable)· Trabajar bajo presión· Conocimiento en búsqueda de informaciónNos encontramos en la Colonia Centro, a un par de calles del metro Juárez.Interesados postularse por este medio o al correo: selene.lopez @milenio.com (quitar espacio)Tipo de puesto: Tiempo completo, IndefinidoTipo de puesto: Tiempo completo, IndefinidoSalario: $15,000.00 - $16,000.00 al mesExperiencia:TV: 3 años (Requisito deseable)"
"1605291302-1713","https://mx.indeed.com/jobs?q=Ciencia%20de%20datos&l=M%C3%A9xico&fromage=14&vjk=065486daa44e0906","2","https://mx.indeed.com/jobs?q=Ciencia+de+datos&l=M%C3%A9xico&fromage=14&start=10","Desarrollador Backend","https://mx.indeed.com/company/Growth-Partners-Up/jobs/Desarrollador-backend-8baf919882a32c17?fccid=6ab3d072478fd07a&vjs=3","Desarrollador (a) Oracle SAS","https://mx.indeed.com/company/Beyserin/jobs/Desarrollador-oracle-SAS-1262529132c408e1?fccid=660225f9276bb3f9&vjs=3","Beyserin","""Empresa de origen mexicano con presencia en México y Colombia de servicios integrales de Consultoría TI, de Negocios y Staffing"" Se encuentra en búsqueda de: Desarrollador (a) Oracle SASMínimo 3 a 5 años de experiencia.Licenciaturas en Ciencias, Matemática, Actuaría y en Sistemas Computacionales, especialistas en programación en Oracle, SAS o ambas.Manejo de Bases de Datos y ETLs.Experiencia en Servicios Financieros, áreas de Mercadotecnia, CRM, Riesgos, Data Scientist.Indispensable experiencia en base de datos SQL, Oracle, SAS.Experiencia en áreas de modelado de datos, reporteo, minería de datos, o análísis de datos.Capacidad de adaptación y negociación autoaprendizaje y productividad.Zona a laborar: Santa Fé, CDMXTipo de puesto: Tiempo completoTrabajar desde casa:Sí, temporalmente debido a la COVID-19"
"1605291308-1714","https://mx.indeed.com/jobs?q=Ciencia%20de%20datos&l=M%C3%A9xico&fromage=14&vjk=065486daa44e0906","2","https://mx.indeed.com/jobs?q=Ciencia+de+datos&l=M%C3%A9xico&fromage=14&start=10","Desarrollador Backend","https://mx.indeed.com/company/Growth-Partners-Up/jobs/Desarrollador-backend-8baf919882a32c17?fccid=6ab3d072478fd07a&vjs=3","Gerente de inteligencia comercial","https://mx.indeed.com/company/Besins-Healthcare-M%C3%A9xico,-S.A.-de-C.V./jobs/Gerente-inteligencia-comercial-45357ee0942c9ead?fccid=2f5b28191ddd8198&vjs=3","Besins Healthcare México, S.A. de C.V.","Puesto: Gerente de inteligencia comercialOfrecemos: Sueldo base mensual de $43,000.00Prestaciones superiores a leyEstabilidad LaboralEducación: Licenciatura en ciencias matemáticas o económicas administrativasExperiencia:Mínima de 2 años en la Industria Farmacéutica.- Indispensable tener enfoque comercial.- Indispensable contar con una trayectoria laboral integraConocimientos en: Inteligencia competitiva y vigilancia estratégica en la industria farmacéuticaDesarrollo de:- Análisis estadísticos- Investigación de mercados- Identificación de oportunidades de negociosPosicionamiento de slogan y mensajes clavesManejo de plataformas para medir la productividad CRM (SFnet)Diseño de sistemas de incentivos, premios y cálculoSegmentación y Targeting en los diferentes tipos de clientesHabilidades de presentaciónHabilidades de negociaciónImplementación y seguimiento objetivo KPI´sInglés avanzadoHerramientas de medición – auditorías y bases de datosVenta interna (facturación)MFP, ATV (valida las ventas y desplazamientos)InventariosClose Up / prescribersINTEPaquetería Office a nivel superior- Excel, Word, Power Point, OutlookAdministración- Planeación- Organización- Dirección- ControlManejo de herramientas digitales:- Microsoft Teams, Zoom, Google meet, Facetime, Go to webinar, Skype, etc- Redes sociales como: Facebook, Twitter, Instagram, Slideshare, LinkedIn, YouTube, almacenamiento en la nube, entre otros- Plataforma / Aplicaciones- Páginas webResponsabilidades: Identificar y priorizar de manera estratégica las cuestiones de mercado o negocio utilizando un riguroso análisis cuantitativo integrado que contemple información de categoría, consumidor y compradores.Proponer, coordinar y desarrollar investigaciones de mercado juntamente con el área de marketing y medicalDesarrollar y emitir scorecards, reportes y presentaciones mensuales; mostrando la evolución de las ventas por producto y por canal.Facilitar el análisis de la información de auditorías a la fuerza de ventasCoordinar la realización deuna plataforma de inteligencia comercial donde se concentren datos históricos y actuales que provean información valiosa para toda la organización de forma eficiente y minimizando tiempos.Coordinar y difundir la información de las diferentes auditorias que se adquierenCoordinar los ajustes al CRM de acuerdo a las necesidades de operaciónEmitir los lineamientos de la calidad de la información contenida en el CRMCalcular y comunicar los incentivos mensuales de toda la fuerza de ventasParticipar en las diferentes juntas de inicio de ciclo y nacionales de venta.Competencias: Búsqueda de informaciónCapacidad de análisisComunicación efectivaCompromisoPensamiento conceptualServicio de calidadSolución de problemasTrabajo en equipoTipo de puesto: Tiempo completo, IndefinidoSalario: A partir de $43,000.00 al mes"
"1605291327-1716","https://mx.indeed.com/jobs?q=Ciencia%20de%20datos&l=M%C3%A9xico&fromage=14&vjk=065486daa44e0906","","https://mx.indeed.com/jobs?q=Ciencia+de+datos&l=M%C3%A9xico&fromage=14","Fraud Ops Analyst","https://mx.indeed.com/rc/clk?jk=11e5ca42f9d79497&fccid=ed01256a08c151a4&vjs=3","Fraud Ops Analyst","https://mx.indeed.com/rc/clk?jk=11e5ca42f9d79497&fccid=ed01256a08c151a4&vjs=3","Citibanamex","Publicada 13 de noviembre de 2020

Fraud Ops Analyst

Citibanamex

Mexico City, CDMX, México Full Time

Prevención De Fraude

Ciencia De Datos

Escolaridad

Licenciatura terminada

Experiencia

1-3 años

Nivel del puesto

Analyst



The Fraud Ops Analyst 1 is an entry level position responsible for assisting in efforts to ensure fraud risk policy and controls are applied to minimize the impact of fraud incidence and prevent loss in coordination with the Fraud Operations team.The overall objective of this role is to assist in managing fraud losses by ensuring analysts make appropriate decisions using risk/reward balanace methodology.



Responsibilities:

Perform short and long term forecasting analysis and standardized fraud analysis

Make judgments based on practice and precedence, and work within guidelines, under general supervision

Develop and maintain working knowledge of business/industry standards and practices

Demonstrate fundamental understanding of how the team interacts with others in accomplishing the objectives of the area

Identify inconsistencies in data or results, and exchange information in a concise and logical way

Impact the business directly through the quality of the tasks/services provided

Appropriately assess risk when business decisions are made, demonstrating particular consideration for the firm's reputation and safeguarding Citigroup, its clients and assets, by driving compliance with applicable laws, rules and regulations, adhering to Policy, applying sound ethical judgment regarding personal behavior, conduct and business practices, and escalating, managing and reporting control issues with transparency.



Qualifications:

Relevant experience in a related role

Knowledge and previous experience in the Investigation and Fraud claims process

Experience in trend analysis and alerts in early fraud detection

Extensive knowledge of the Bank's Transactional Processing platforms

Proficient in Microsoft Office and Access

Consistently demonstrates clear and concise written and verbal communication

Demonstrated ability to remain unbiased in a diverse working environment



Education:

Bachelor’s degree/University degree or equivalent experience



Education: Computer Systems, Information Management, Computer Science



Bachelor's Degree/Engineering



Experience and knwoledge:

Working knowledge in SAS/SQL programming.

Extensive knowledge in using MS Excel and MS office tools.

Knowledge in Python/PySpark/Hadoop/Tableu is preferable.

Hands-on knowledge on management information, reporting and data base creation and maintenance.

Skills in analytics, data quality and automation.

Highly ethical, with integrity and sense of responsability.

Effective verbal and written communication skills.

English (intermediate/advance). High advanced is desirable.



Main responsibilities:

Execute and monitor BAU processes.

Management information and reporting.

creation and maintenance of data bases.

ETL and Data Quality.

Design, develop and implement new processes and requirements.

Automation of current and new BAU processes."
"1605291297-1712","https://mx.indeed.com/jobs?q=Ciencia%20de%20datos&l=M%C3%A9xico&fromage=14&vjk=065486daa44e0906","2","https://mx.indeed.com/jobs?q=Ciencia+de+datos&l=M%C3%A9xico&fromage=14&start=10","Desarrollador Backend","https://mx.indeed.com/company/Growth-Partners-Up/jobs/Desarrollador-backend-8baf919882a32c17?fccid=6ab3d072478fd07a&vjs=3","UNODC- Asistente de Proyecto","https://mx.indeed.com/rc/clk?jk=fd2c375badc5425a&fccid=a9a8bf2e786e3726&vjs=3","UNDP","Job Description





Agency



UN Office on Drugs & Crime




Title



UNODC- Asistente de Proyecto




Job ID



33518




Practice Area - Job Family

Management




Vacancy End Date



(Midnight New York, USA)







17/11/2020





Time Left



4d 13h 36m




Duty Station

Mexico City, Mexico




Education & Work Experience



G-Bachelor's Level Degree - 5 year(s) experience




Languages





Required:





Desired:



English, Spanish







Grade



SB3




Vacancy Type
Service Contract (SC)




Posting Type



External




Bureau
Latin America & the Caribbean









Contract Duration



6 meses (renovable con base en fondos disponibles y desempeño









Background



En 1996 el Gobierno de México y los Gobiernos de Centroamérica, a través de sus embajadas acreditadas en México, celebraron un Memorando de Entendimiento mediante el cual se comprometieron a trabajar en conjunto con UNODC, esto con el fin de enfrentar los problemas de drogas y delito de la región. El memorando fue el antecedente para que en el año de 2003 la UNODC y el Gobierno de México celebraran un Acuerdo Sede para el establecimiento de la Oficina Regional para México y Centroamérica, con el fin de coordinar y supervisar las actividades de UNODC en esta región. En este acuerdo, el Gobierno de México reconoce la personalidad jurídica de la Oficina en México, así como sus privilegios e inmunidades. En el 2008 se firmó un Acuerdo de Cooperación que fortaleció aún más las relaciones entre UNODC y el Gobierno de México, a través del cual se establecieron las modalidades de cooperación entre ambos.
El 15 de octubre del 2012 se firmó un nuevo Acuerdo entre el Gobierno de los Estados Unidos Mexicanos y las Naciones Unidas para generar una nueva forma de asociación y otorgar a la Oficina de UNODC en México funciones de una Oficina de Enlace y Partenariado, LPO por sus siglas en inglés. Esta nueva oficina desarrollará junto con el Estado mexicano operaciones y funciones de planificación estratégica, promoción de alianzas, Cooperación Sur-Sur, intercambio de información y conocimiento, así como análisis de tendencias. La fortalecida asociación entre México y la UNODC mantiene vigente el acuerdo de 2003.
Para más información, favor de consultar la página: http://www.unodc.org/


BREVE DESCRIPCIÓN DEL PROYECTO:
Con la finalidad de reducir la incidencia de la trata de personas en las comunidades indígenas de México y sus condiciones de vulnerabilidad frente a este delito, UNODC, en coordinación con Instituto Nacional de Pueblos Indígenas (INPI) implementará un proyecto en comunidades piloto de México con miras a prevenir y combatir la trata de personas.
El objetivo general es incrementar la sensibilización y el conocimiento de la trata de personas en las comunidades indígenas seleccionadas y dotar a la población de herramientas técnicas y de comunicación que les permitan detectar conductas de riesgo que eventualmente prevengan y detecten el delito. De igual forma, se espera que mediante la puesta en marcha de este proyecto se genere una mayor atención por parte de las autoridades federales frente a la situación de vulnerabilidad que estos grupos viven frente al delito de trata de personas. Las acciones a implementarse responderán a dos componentes:
Componente 1: un programa de capacitación para sensibilizar a grupos meta de comunidades indígenas sobre la trata de personas y dotarles del conocimiento para la detección y combate al delito.
Componente 2: una campaña de comunicación para prevenir el delito en una comunidad piloto de México.
OBJETIVO DEL PUESTO:
El objetivo general del puesto de asistente de proyecto consiste en apoyar la implementación de todas las actividades necesarias a fin de desarrollar y ejecutar el proyecto de manera exitosa y cumpliendo con todas las metas trazadas.


Duties and Responsibilities



TAREAS Y RESPONSABILIDADES:
Bajo la supervisión directa de la Coordinadora de Componente, el/la asistente tendrá las siguientes responsabilidades:
Trabajar en conjunto con la Coordinadora y el/la consultor/a de comunicación para desarrollar una campaña de prevención del delito de trata de personas en México;
Trabajar en conjunto con la Coordinadora para monitorear los productos de comunicación de la campaña de prevención de la trata de personas en comunidades indígenas de México, y asegurar que se entreguen en tiempo y forma;
Trabajar en conjunto con la Coordinadora y el/la consultor/a de capacitación para desarrollar un modelo de capacitación sobre el delito de trata de personas;
Trabajar en conjunto con la Coordinadora para monitorear los productos de capacitación, y asegurar que se entreguen en tiempo y forma;
Apoyar en la organización de mesas de discusión/reuniones/foros/talleres contemplados en el plan de trabajo del proyecto: aspectos logísticos, coordinación de tiempos, preparación de invitaciones, apoyo en la elaboración de agendas, selección de participantes y soporte administrativo;
Apoyar en la generación de agendas y documentación soporte para misiones de trabajo y eventos relacionados con el proyecto;
Participar activamente en las mesas de trabajo y reuniones para el desarrollo de la iniciativa y dar seguimiento a los acuerdos emanados de éstas;
Apoyar en la identificación de contrapartes clave en distintos sectores vinculados en temas como la prevención de la trata de personas y las comunidades indígenas;
Elaborar una base de datos de contrapartes y actores relevantes para la implementación del proyecto;
Contactar a las contrapartes clave identificadas para su involucramiento en la iniciativa;
Apoyar en la redacción de mensajes y productos de comunicación (folletos, infografías, scripts de radio y video, etc.) dirigidos a la población beneficiaria del proyecto conenfoque de género, interculturalidad y derechos humanos;
Apoyar en la elaboración de documentación relevante para el proyecto (informes, minutas, presentaciones, etc.);
Elaborar una base de datos de medios de comunicación en México e identificar aquellos que cubran de manera regular noticias relacionadas con la temática de la trata de personas;
Apoyar en la difusión de los materiales de comunicación desarrollados, así como en el seguimiento de la estrategia correspondiente;
Apoyar en la redacción de notas para la página web de UNODC sobre los eventos organizados en el marco del proyecto y otros según sea requerido por la Coordinadora de Enlace;
Mantener al día un registro físico y electrónico de las actividades del proyecto y su impacto;
Apoyar en la correcta utilización de los recursos del proyecto;
Apoyar en el monitoreo y procesos de evaluación;
Cualquier otra función asignada por la Coordinadora de Enlace e Implementación.
El trabajo implica el contacto y la interacción frecuentes con las siguientes contrapartes:
Funcionarios del Gobierno de México (Federal y Estatales);
Organizaciones de la sociedad civil;
Empresas;
Organismos internacionales y embajadas;
Medios de comunicación.
RESULTADOS ESPERADOS:
Apoyar para la efectiva implementación y seguimiento de las actividades realizadas en el marco del proyecto.
Mantener al día los archivos y documentos relacionados con la gestión del proyecto


Competencies




INTEGRIDAD - compromiso con los valores y principios de Naciones Unidas e integridad personal
COMPROMISO - con la visión, misión y metas estratégicas de la organización
SENSIBILIDAD - adaptabilidad sin prejuicios personales en cuanto a temas interculturales, de género, religión, raza, nacionalidad y edad
RESPETO A LA DIVERSIDAD - trabajar efectivamente con personas de cualquier raza, género, creencias, etc.
ENFOQUE DE RESULTADOS - orientado al cliente y responder efectivamente a la retroalimentación
TRABAJO EN EQUIPO - actitud proactiva y afinidad por un estilo de trabajo participativo, demostrando apertura al cambio y habilidad para manejar temas complejos.


Required Skills and Experience



Educación
Título académico en las áreas de relaciones internacionales, ciencias políticas o administración.
Dominio de programas informáticos básicos (Windows, Word, Excel, PowerPoint).
Posgrado en las áreas de comunicación será considerado una ventaja.
Experiencia laboral
Al menos dos años de experiencia laboral en organización de eventos para contrapartes gubernamentales, organizaciones de la sociedad civil u organismos internacionales.
Al menos dos años de experiencia laboral como asistente general.
Al menos un año de experiencia laboral en organismos internacionales o instituciones de gobierno.
Idiomas
Dominio del idioma español (nivel avanzado)
Dominio del idioma inglés (nivel proficiency) .
Otros conocimientos deseables
Familiaridad con las áreas del mandato de UNODC, especialmente aquellas relacionadas con la delincuencia organizada trasnacional.
Familiaridad con el contexto de la trata de personas en México y las instituciones gubernamentales y no gubernamentales involucradas en la prevención y persecución del delito.
Habilidades
Habilidad para planificar y organizar con eficiencia el trabajo;
Capacidad de análisis y síntesis;
Excelente nivel de comunicación oral y escrita.
OTROS:
Disponibilidad para viajar
CONDICIONES ESPECIALES:

en caso de renuncia o terminación de contrato, la persona contratada será responsable de hacer una entrega por escrito de la documentación bajo su cargo, así como una relación de asuntos pendientes y de compromisos institucionales, y sujeta a la normatividad de pnud méxico.
ser ciudadano/a mexicano/a en pleno ejercicio de sus derechos, o extranjero/a, cuya condición migratoria permita la función a desarrollar.
la duración inicial del contrato será de 6 meses con opción a ser renovado a partir de la evaluación de desempeño.
la plaza de la vacante está ubicada en la ciudad de México.


Disclaimer



Important applicant information
All posts in the SC categories are subject to local recruitment.
Applicant information about UNDP rosters
Note: UNDP reserves the right to select one or more candidates from this vacancy announcement. We may also retain applications and consider candidates applying to this post for other similar positions with UNDP at the same grade level and with similar job description, experience and educational requirements.
Scam warning
The United Nations does not charge any application, processing, training, interviewing, testing or other fee in connection with the application or recruitment process. Should you receive a solicitation for the payment of a fee, please disregard it. Furthermore, please note that emblems, logos, names and addresses are easily copied and reproduced. Therefore, you are advised to apply particular care when submitting personal information on the web."
"1605291292-1711","https://mx.indeed.com/jobs?q=Ciencia%20de%20datos&l=M%C3%A9xico&fromage=14&vjk=065486daa44e0906","2","https://mx.indeed.com/jobs?q=Ciencia+de+datos&l=M%C3%A9xico&fromage=14&start=10","Desarrollador Backend","https://mx.indeed.com/company/Growth-Partners-Up/jobs/Desarrollador-backend-8baf919882a32c17?fccid=6ab3d072478fd07a&vjs=3","PROGRAMADOR ESPECIALISTA EN ERP EPICOR","https://mx.indeed.com/company/ZYR-CONSULTING-GROUP/jobs/Programador-especialista-erp-epicor-74f6cc178964ba70?fccid=81bc718847c33c93&vjs=3","ZYR CONSULTINGP GROUP","Descripción del empleoEmpresa de origen Alemán ubicada en Vallejo, CDMX, solicita para su equipo de trabajo, un PROGRAMADOR ESPECIALISTA EN EPICOR EPR para dar soporte a México, Estados Unidos, Australia y Brasil, de acuerdo a los siguientes requisitos y características:REQUISITOS: * Género: Indistinto* Excelente actitud* Buena presentación* Buen estado de salud* Orientación a resultados* Formalidad y cumplimiento de fechas de entrega* Escolaridad: (Deseable: Titulado). Licenciatura en Ciencias de la Computación, Tecnología de la Información; Licenciado en Informática; Ingeniero en Sistemas o campos estrechamente relacionados. (El título universitario puede sustituirse por experiencia laboral específica en Epicor ERP)* Bilingüe: Inglés avanzado para la perfecta comprensión y correcta comunicación oral y escrita* Total disponibilidad de horarioHABILIDADES: * Liderazgo* Análisis, síntesis y pensamiento crítico* Alto nivel de atención al detalle* Identificación y resolución de problemas complejos* Relaciones interpersonales* Excelente servicio al cliente* Trabajo en equipo y trabajo bajo presión* Flexibilidad* Comunicación efectivaEXPERIENCIA: * Conocimiento avanzado de Epicor ERP 9.05 y posteriores* Experiencia en la utilización de tableros BAQ, BAM y BPM* Experiencia con Crystal Reports y/o SSRS.* Experiencia en la compatibilidad con bases de datos de Microsoft SQL Server y SQL, trabajando con consultas SQL y SSIS* Experiencia en soporte de software/desarrollo de operaciones.* Experiencia con C# u otros lenguajes de scripting.* Conocimiento profundo del funcionamiento y el uso de computadoras personales y sus equipos periféricos.* Buen conocimiento del funcionamiento lógico de computadoras y dispositivos de comunicación de datos.* Conocimientos prácticos de redes, metodología de procesamiento de datos y técnicas en la creación de documentación y seguridad de datos.* Principios y procesos para la prestación de servicios al cliente, incluida la evaluación de las necesidades del cliente, el cumplimiento de los estándares de calidad de los servicios y la evaluación de la satisfacción del cliente.* Conocimiento de procedimientos y sistemas administrativos como procesamiento de textos, gestión de archivos y registros, diseño de formularios y bases de datos, y otros procedimientos de oficina.* Computadoras, computadoras portátiles, teléfonos inteligentes, teléfonos, fotocopiadoras e impresoras, herramientas básicas de reparación.OFRECEMOS: * Contratación directa por la compañía. Período de prueba con contrato temporal; después planta.* Salario $30,000 pesos mensuales nominales, con Prestaciones de Ley. Sueldo negociable de acuerdo a aptitudes y experiencia.* Trabajo de Lunes a Sábado: 9:00 am a 6:00 pmTipo de puesto: Tiempo completo, IndefinidoTipo de puesto: Tiempo completo, IndefinidoExperiencia:manejo y programación de EPICOR ERP: 3 años (Requisito deseable)Nivel de Inglés:Nivel alto de negocios (Requisito deseable)Trabajar desde casa:Sí"
"1605290863-1700","https://mx.indeed.com/jobs?q=Ciencia%20de%20datos&l=M%C3%A9xico&fromage=14&vjk=065486daa44e0906","","","","","DATA ENGINEER","https://mx.indeed.com/company/Arcon-Data/jobs/Data-engineer-b6a7bb457feccde3?fccid=2557ac561d1d5a6b&vjs=3","ARKON DATA","Arkon Data es una compañía que desarrolla soluciones para resolver los problemas de datos más difíciles de las empresas. Contamos con una plataforma de democratización y gobierno de datos, una plataforma de operación de datos a gran escala, una plataforma de control de datos maestros y un cerebro analítico que relaciona los procesos de negocios con los datos para buscar el mayor valor de manera automática.El candidato ideal utilizará su pasión por el análisis y los datos para crear canales de datos e informes para garantizar que los usuarios finales tengan acceso confiable a sus datos. Buscamos personas capaces y con gusto por los desafíos.Nos encontramos en búsqueda de un(a) Sr. Data EngineerREQUISITOS: Licenciatura o maestría en ciencias de la computación, física, ingeniería, matemáticas u otros campos relacionados.EXPERIENCIA: 3 años en puesto similar.RESPONSABILIDADES: Participar en las pruebas de diseño de datosDiseño de herramientasExtractos de datos y hardwareINDISPENSABLE: Dominio en PythonDominio en DockerComprensión de LinuxUso de las bases de datos Oracle y PostgreSQLConocimientos sobre el procesamiento de datos distribuidosUsar KubeflowBENEFICIOS: Sueldo competitivo acorde a experiencia laboral + Prestaciones de Ley + Apoyo para capacitación y GimnasioZona de trabajo: Al sur de la Ciudad de MéxicoContratación directa por la empresa, no somos consultoríaInteresados postularse por este medio, se dará seguimiento de forma inmediata.Tipo de puesto: Tiempo completo, IndefinidoTipo de puesto: Tiempo completo, IndefinidoHorario:Turno de 8 horasTrabajar desde casa:Sí, temporalmente debido a la COVID-19"
"1605290871-1701","https://mx.indeed.com/jobs?q=Ciencia%20de%20datos&l=M%C3%A9xico&fromage=14&vjk=065486daa44e0906","","","","","Data Engineer","https://mx.indeed.com/company/JADE-MX/jobs/Data-engineer-9ae77c04bf38871c?fccid=f4760fcf5afe47ce&vjs=3","JADE MX","Startup que integra el comercio en línea y las tiendas físicas para entrar a la industria del descanso (venta de productos de descanso: colchones, almohadas y sábanas), busca un Data Enginner.Objetivo del puesto:Contribuir al desarrollo sin precedentes de la empresa.Actividades:Modelos de dominios y bases de datos de productos.Implementar canalizaciones de datos y procesos ETL.Participar en proyectos de análisis y ciencia de datos desde un punto de vista técnico.Requisitos:2 a 4 años de experienciaSQL y PythonGo u otro lenguaje de backendEnfoque en estructuras de datos, modelado de datos, transformaciones SQL y ETLInglés: AvanzadoBeneficios:Prestaciones de Ley: (Seguro social, Aguinaldo 15 días, Prima vacacional 25%, Vacaciones 6 días)Otras prestaciones: Seguro de vida, Seguro médico, Tarifa preferencial clases de inglés y gimnasio, Desayuno todos los días, 15 días de vacaciones al año.Sueldo: $30,000- $40,000 brutosEsquema de contratación: %100 Nómina por OutsorcingZona de trabajo: Anzures, PolancoHorario de trabajo: 9 a.m. - 18 p.m.Modalidad: RemotoTipo de puesto: Tiempo completo, IndefinidoSalario: $30,000.00 - $40,000.00 al mesHorario:Turno de 8 horasTrabajar desde casa:Sí, siempre"
"1605291255-1704","https://mx.indeed.com/jobs?q=Ciencia%20de%20datos&l=M%C3%A9xico&fromage=14&vjk=065486daa44e0906","2","https://mx.indeed.com/jobs?q=Ciencia+de+datos&l=M%C3%A9xico&fromage=14&start=10","Desarrollador Backend","https://mx.indeed.com/company/Growth-Partners-Up/jobs/Desarrollador-backend-8baf919882a32c17?fccid=6ab3d072478fd07a&vjs=3","Desarrollador Móvil IOS","https://mx.indeed.com/company/Growth-Partners-Up/jobs/Desarrollador-m%C3%B3vil-ios-71d9e932ef832225?fccid=6ab3d072478fd07a&vjs=3","Growth Partners Up","Importante empresa de desarrollo Web busca talento:Licenciatura o ingeniería en Sistemas de Cómputo, ciencias de la computación, informática o tecnologías.3 años de experiencia en:Conocimiento en metodologías ágiles.Experiencia integrando APIsBuen entendimiento en arquitectura de iOS:o MVCConocimientos en los siguientes lenguajes:
o Swift
o Objevtive C
o Cocoa Pods
o SourceTree
o POSTMAN
o SQL
o No SQLConocimientos en las siguientes herramientas:
o Gradle
o Ant
o maven
o UNIT Test
o Pttrns
o POP
o SKETCH
o Firebase
o TestFlight
o Crashlytics
o Firebase SuitResponsabilidades del Puesto:
1. Desarrollar aplicaciones móviles innovadoras de acuerdo con diversos
estándares internacionales y en los tiempos establecidos.
2. Seleccionar las herramientas adecuadas para el mejor desempeño de los
proyectos.
3. Dar solución a los bugs que se presentan en los desarrollos iOS.
4. Desarrollar aplicaciones con tecnología iOS.
5. Informar de los avances de los proyectos.
6. Medir y Planificar proyectos de Software.
7. Asesorar al equipo técnico y no técnico de las mejores prácticas de la
industria para cada proyecto iOS.
8. Garantizar la seguridad en todos sus procesos de desarrollo iOS.
9. Administrar la estructura de bases de datos para asegurar su funcionamiento,
seguridad e integridad.
10. Evaluar sistemas iOS nuevos y existentes.Tipo de puesto: Tiempo completo, IndefinidoSalario: $14,000.00 - $16,000.00 al mesTrabajar desde casa:No"
"1605291286-1710","https://mx.indeed.com/jobs?q=Ciencia%20de%20datos&l=M%C3%A9xico&fromage=14&vjk=065486daa44e0906","2","https://mx.indeed.com/jobs?q=Ciencia+de+datos&l=M%C3%A9xico&fromage=14&start=10","Desarrollador Backend","https://mx.indeed.com/company/Growth-Partners-Up/jobs/Desarrollador-backend-8baf919882a32c17?fccid=6ab3d072478fd07a&vjs=3","GERENTE DE ANALÍTICA","https://mx.indeed.com/rc/clk?jk=77ec90cc8d41c0ec&fccid=12e17ece3aa8f9b9&vjs=3","Banorte","Publicada 06 de noviembre de 2020

GERENTE DE ANALÍTICA

Banorte

Mexico City, CDMX, México Full Time

Ciencia De Datos

Escolaridad

Licenciatura terminada

Experiencia

3-5 años

Nivel del puesto

Manager



En Banorte buscamos talento único, fuerte y extraordinario, que impulse la transformación e innovación del país, convirtiéndonos en un gran aliado para crecer fuerte con México.



Estamos convencidos que la combinación de solidaridad, innovación, respeto, lealtad y responsabilidad es la fórmula perfecta para ser el mejor equipo del sector financiero.



Objetivo del puesto: Análisis de información para la selección de clientes y atributos que requiera cada campaña, así como el diseño de procesos que faciliten la generación y ejecución de éstas campañas.



Cada día te encontrarás ante nuevos e interesantes retos dentro de tu puesto, en los cuales serás responsable de:



Identificar oportunidades y problemas en la información y procesos a su cargo, y presentar los hallazgos a las diferentes áreas de negocio.

Diseño y mejora de procesos que faciliten la ejecución de información para campañas de venta cruzada

Explorar grandes conjuntos de datos para la selección de clientes y atributos que den sentido a los datos y números consultados.

Extracción de datos e información de filtros correspondientes a cada perfil de campaña

Mejora continua en los procesos asignados



Requisitos:

Formación profesional: Licenciatura en Matemáticas Aplicadas, Ingeniería en Sistemas, Actuaría o a fin (Titulado)

Años de experiencia: 3 años

Áreas de experiencia: Programación SQL, Extracción de Datos, Análisis de Datos, Generación de Reportes

Conocimientos requeridos: Programación SQL, Herramientas de Configuración de Campañas (CRM), SAS

Idiomas: Inglés Intermedio

Disponibilidad para viajar: No

Disponibilidad para cambio de residencia: No"
"1605291281-1709","https://mx.indeed.com/jobs?q=Ciencia%20de%20datos&l=M%C3%A9xico&fromage=14&vjk=065486daa44e0906","2","https://mx.indeed.com/jobs?q=Ciencia+de+datos&l=M%C3%A9xico&fromage=14&start=10","Desarrollador Backend","https://mx.indeed.com/company/Growth-Partners-Up/jobs/Desarrollador-backend-8baf919882a32c17?fccid=6ab3d072478fd07a&vjs=3","Responsable de Primera Entrevista Integral de Protección CBI","https://mx.indeed.com/company/RET-INTERNATIONAL/jobs/Responsable-primera-entrevista-integral-protecci%C3%B3n-cbi-90cd133431552c32?fccid=938627bfa090adae&vjs=3","RET INTERNATIONAL","En RET estamos comprometidos con el trabajo en contextos frágiles y situaciones de emergencia alrededor del mundo, para asegurar la protección y promover la resiliencia a través de la educación, estabilidad emocional, actividades productivas, bienestar y autonomía de la población.Actualmente RET desarrolla programas en la región para el fortalecimiento de sistemas educativos, en educación formal y no formal, educación en situaciones de emergencia, reducción del riesgo de desastres, orientación laboral/ocupacional para jóvenes, generación de ingresos, prevención de violencia, apoyo psicosocial promoviendo habilidades para la vida, capacitación a docentes, preparación de jóvenes para ingresar a la universidad y gestión para el desarrollo de política pública, principalmente, propiciando la participación activa de comunidades, con perspectiva de género y enfoque de derechos.Educación:  Título universitario preferiblemente en Trabajo Social, Psicología, Ciencias Sociales, Educación, Gestión de Proyectos o afines.Manejo de tecnología MS Office, especialmente Excel. Experiencia en el manejo de base de datos.Objetivo de la posición: Realizar entrevistas de registro y respaldar todas las actividades relacionadas con el registro, que también puede incluir funciones relacionadas con la recepción, archivo, gestión de datos, entrega de CBI, monitoreo de casos, entre otros.Acciones claves de desempeño: - Realizar entrevistas de registro de acuerdo con los SOP locales y las normas de registro.- Responder a las preguntas de los solicitantes de asilo y refugiados con respecto a los procedimientos de registro y sus derechos.- Mantener registros y datos precisos y actualizados relacionados con todos los casos de registro individuales.- Identificar a las personas con necesidades específicas y garantizar la referencia oportuna para el seguimiento de la protección según sea necesario.- Colaborar con el personal de protección.- Desarrollar la valoración socioeconómica de la población en entrevista inicial.- Abrir los expedientes de casos de acuerdo al procedimiento determinado.- Presentar al Comité Interdisciplinario los casos que requieren respuestas más complejas.- Seguimiento con el participante de los puntos establecidos en el Plan de Asistencia.- Activar el protocolo de reubicación interna (en caso de ser necesario).- Implementar estrategias de seguimiento y acompañamiento a la población de interés y, si necesario, incluyendo visitas domiciliarias.- Diseñar e implementar procesos informativos (en sala de espera) de acuerdo a las necesidades identificadas.- Garantizar la confidencialidad de la información del participante.- Realizar y presentar oportunamente los reportes solicitados según cronograma establecido y avances de acuerdo a las solicitudes de la coordinación general de CBI y de País.- Preparar y presentar los medios de verificación solicitados a nivel programático, que tengan relación con su responsabilidad.- Suministrar información relevante a la coordinación general de CBI y de País acordes con los intereses y la misión institucional.- Apoyar en los procesos de sistematización de experiencias y buenas prácticas en lo referente al componente, sus articulaciones internas y externas.- Mantener adecuada comunicación a nivel interno y externo.- En caso de activar un plan de emergencia (por ejemplo, la llegada de nuevas caravanas), realizar otras tareas relacionadas según sea necesario.Experiencia: - Preferentemente con experiencia aplicando cuestionarios/haciendo entrevistas y experiencia con la recolección de datos.- Preferentemente experiencia comprobable con población en situación de desplazamiento.- Conocimientos y habilidades en el uso de equipos y sistemas informáticos.Idiomas:  Excelente español. francés, portugués e inglés (valor agregado)Recepción de ofertas y documentos: 1. Recepción hasta 15/11/2020.2. Adjuntar:a. Hoja de vida, la cual debe incluir datos de contacto de los dos últimos lugares en que laboró.b. Carta de motivación y aspiración laboral.c. Cédula de identidad escaneada.Por favor adjuntar la aplicación completa (CV/hoja de vida, carta de motivación, referencias y expectativa salarial)  hasta el 15/11/2020. Solo se tendrán en cuenta las postulaciones que se ajusten a los términos de referencia. Fecha límite para postularse: 15/11/2020Fecha de inicio prevista: 17/11/2020Tipo de puesto: Tiempo completo, Temporal, Por contratoExperiencia:funciones similares: 1 año (Requisito deseable)"
"1605291264-1706","https://mx.indeed.com/jobs?q=Ciencia%20de%20datos&l=M%C3%A9xico&fromage=14&vjk=065486daa44e0906","2","https://mx.indeed.com/jobs?q=Ciencia+de+datos&l=M%C3%A9xico&fromage=14&start=10","Desarrollador Backend","https://mx.indeed.com/company/Growth-Partners-Up/jobs/Desarrollador-backend-8baf919882a32c17?fccid=6ab3d072478fd07a&vjs=3","BI & SFE Specialist","https://mx.indeed.com/rc/clk?jk=ba4c99714bb4afd1&fccid=3c0bf511b4a29309&vjs=3","MSD","Nuestra División de Salud Humana mantiene una ideología que consiste en “primero el paciente, los beneficios más tarde”. La organización está compuesta por ventas, marketing, acceso al mercado, análisis digitales y profesionales comerciales a los que les apasiona su papel de llevar nuestros medicamentos a nuestros clientes de todo el mundo.
Diseño de herramientas y procesos para el análisis crosfuncional de información de mercado e interna para la evaluación de desempeño de la fuerza de ventas, productos y mercados de competencia enfocado en mercados de alta especialidad y gobierno
Incorporación de nuevas fuentes de información e integración de fuentes tradicionales (auditorias, CRM, etc) y nuevos canales (Digital, Social media, Market research) para el diseño de nuevas métricas que permitan evaluar tendencias y comparar vs los objetivos y aspiraciones del negocio
Aseguramiento de Calidad en Procesos de Cuotas e Incentivos, análisis de métricas, identificación de áreas de oportunidad, propuestas de mejora continua
Diseño e implementación de soluciones de Analytics para soportar los procesos de marketing y ventas como Business Review y Marketing plan
Seguimiento, escalación y resolución de dudas y problemas de la fuerza de ventas con relación a lo anterior
Administración y Coordinación de proveedores de información y de procesamiento de datos, manejo de presupuestos, aseguramiento de calidad y SLA, etc
Asegurar la ejecución de los procesos operativos periódicos en manos de terceros (Xperbit, ZS, Knobloch, etc), dentro del SLA
Generación de Insigths para el negocio resultado de los procesos operativos periódicos para la identificación de áreas de oportunidad que el negocio pueda aprovechar para mejorar el desempeño de la fuerza de ventas, equipos comerciales y productos
Soporte y acompañamiento crosfuncional para el aprovechamiento sistemático de las fuentes de información disponibles en el área
Búsqueda de nuevas fuentes de información para los mercados estratégicos que permitan incrementar el entendimiento del ecosistema
Diseñar el modelo de soporte a la Fuerza de ventas para la comprensión de métricas de mercado, métricas de evaluación, planes de incentivos, asignación de cuotas, desempeño de territorio, etc
Generación de análisis de datos Adhoc para Marketing, Ventas y Comercial
Sistemas Computacionales, Ciencias de datos, Ingeniería de Procesos o afin
Experiencia en procesamiento de grandes volúmenes de datos, herramientas de BI y BigData
Conocimiento de la Industria Farmacéutica, Procesos de Fuerza de ventas
Deseable: Manejo de auditorías de ventas y recetas para la industria farmacéutica (PMM, ATV, MFPM, INTE, INEFAM, Close-up)
Manejo avanzado de Excel, herramientas de BI
Inglés Avanzado
Trabajar en equipo
Lo que buscamos…
En un mundo de rápida innovación, buscamos inventores valientes que deseen causar un impacto en todos los aspectos de nuestro negocio, permitiendo avances que afectarán a las generaciones venideras. Le animamos a que aporte su pensamiento inquieto, su espíritu de colaboración y su perspectiva diversa a nuestra organización. Juntos seguiremos Inventando para la vida, repercutiendo en las vidas a la vez que inspiramos su crecimiento profesional.
INVENT.
IMPACT.
INSPIRE.
Search Firm Representatives Please Read Carefully

Merck & Co., Inc., Kenilworth, NJ, USA, also known as Merck Sharp & Dohme Corp., Kenilworth, NJ, USA, does not accept unsolicited assistance from search firms for employment opportunities. All CVs / resumes submitted by search firms to any employee at our company without a valid written search agreement in place for this position will be deemed the sole property of our company. No fee will be paid in the event a candidate is hired by our company as a result of an agency referral where no pre-existing agreement is in place. Where agency agreements are in place, introductions are position specific. Please, no phone calls or emails.
Employee Status:
Regular
Relocation:
No relocation
VISA Sponsorship:
Travel Requirements:
Flexible Work Arrangements:
Shift:
Valid Driving License:
Hazardous Material(s):


Requisition ID:R81406"
"1605290849-1698","https://mx.indeed.com/jobs?q=Ciencia%20de%20datos&l=M%C3%A9xico&fromage=14&vjk=065486daa44e0906","","","","","Analista de TI","https://mx.indeed.com/company/Comercializadora-Hersak/jobs/Analista-ti-f8bfb0d97dbb6d8c?fccid=e2e599210b2871bf&vjs=3","Comercializadora Hersak","FORMA PARTE DE NUESTRO EQUIPO DE TRABAJOSomos una Importante comercializadora de Mármol, Cuarzo y Granito, comprometidos con la calidad y satisfacción de nuestros clientes, Únete a nuestro equipo!!Buscamos ""Analista de TI""Que tenga ganas de desarrollarse profesionalmente, adquiriendo responsabilidad en toda la organización brindando un servicio de calidad, cumpliendo objetivos que se establezcan por cada área de servicio.PERFIL: Escolaridad: Lic. en sistemas, ciencias de la computación o afínExperiencia: 1 a 2 añosConocimiento: Sistemas operativos para distintas plataformas, administración en base de datos, sistemas de comunicación, desarrollo en sistemas, metodologías de software y hardware, configuración de red, mantenimiento preventivo en PC's y lap tops, configuración e instalación a equipo de computo.FUNCIONES:Dar apoyo y soporte al usuario de manera remota o presencialCumplir con el programa de mantenimiento correctivos y preventivos a cada equipoSeguimiento a los equipos y problemáticas de los usuariosEjecución de respaldos y actualizaciones, dará mantenimiento a la información contenida en las bases de datos.Realizar inventario de equiposSoporte y mantenimiento a site con soporte a las cámaras de cada sucursalEstablecer comunicación con los proveedoresElaboración de reportes de estatus de equipo, reparaciones y será presentado a DirecciónODRECEMOS:Prestaciones de leyDesarrollo profesionalEstabilidad laboralLunes a Viernes de 9:00 a 18:00hrsPago quincenalFecha de inicio prevista: 1/12/2020Tipo de puesto: Tiempo completo, IndefinidoSalario: $1.00 - $2.00 al mesHorario:Turno de 8 horasExperiencia:sistemas operativos: 1 año (Requisito mínimo)Trabajar desde casa:No"
"1605290614-1690","https://mx.indeed.com/jobs?q=Ciencia%20de%20datos&l=M%C3%A9xico&fromage=14&vjk=065486daa44e0906","","","","","Ingeniero de Datos / Desarrollador Python Jr","https://mx.indeed.com/company/kubo.financiero/jobs/Ingeniero-datos-867f30963349ad3c?fccid=30e69bbfbfb4631b&vjs=3","kubo.financiero","KUBO FINANCIERO¡¡ESTAMOS EN CRECIMIENTO Y BUSCAMOS TALENTO COMO EL TUYO!!Estamos en búsqueda de un INGENIERO DE DATOS / DESARROLLADOR PYTHON JRREQUISITOS: Licenciatura en ciencias computacionales o afinesExperiencia en Desarrollo de software y manejo de base de datos SQL, Python 2 o 3Deseable Manejo de procesos ETL, Jenkins, Apache Spark, R, Desarrollo de API’s Django, Bases de datos NoSQLALGUNAS DE TUS PRINCIPALES RESPONSABILIDADES: Reportes y bases de informaciónImplementar procesos que permitan extraer información de nuestras distintas bases de datos y consolidarlas en nuestro repositorio centralDesarrollar y mantener los sistemas y rutinas actualesRealizar el seguimiento y documentar las solicitudes de información que llegan al áreaApoyar a los científicos de datos en solución de dudas, implementación de librerías e identificación de posibles fallos en sus desarrollosOFRECEMOS: Salario baseHorario de Lunes a ViernesPrestaciones de LeyCrecimiento y desarrollo profesionalSi estás interesado comparte tu CV al correo mencionado y nos comunicaremos contigo.!Tipo de puesto: Tiempo completo, IndefinidoSalario: $20,000.00 - $23,000.00 al mesHorario:Lunes a viernesTurno de 8 horasExperiencia:Puesto Similar: 1 año (Requisito deseable)"
"1605290626-1692","https://mx.indeed.com/jobs?q=Ciencia%20de%20datos&l=M%C3%A9xico&fromage=14&vjk=065486daa44e0906","","","","","Desarrollador Backend","https://mx.indeed.com/company/Growth-Partners-Up/jobs/Desarrollador-backend-8baf919882a32c17?fccid=6ab3d072478fd07a&vjs=3","Growth Partners Up","Importante empresa de desarrollo Web busca talento:Licenciatura o ingeniería en Sistemas de Cómputo, ciencias de la computación, informática o tecnologías.2 años de experiencia en desarrollo webConocimientos sólidos en los siguientes lenguajes:
o SQL
o No SQL
o Node.JsConocimientos en las siguientes herramientas:
o Firebase Suit
o Mejores prácticas en
node.js
o Mejores prácticas en DB
SQL
o Pubnub Logical under
API
o AWS EC2 Instances
o AWS RDS Instances
o API - Logic between
microservices and
response
o API - Backen Contracts
o API - OAuth 2.o
o Store data on posgresql
at AWS
o Backend Cards
o Push Notification with
PubNub
o Backend recommendations
Managements and User
leves
o Dynamic DB service on Go
o Backend Image Mapper
o AWS S3 Storage
o Backend Error InjectorConocimiento en gestores de base de datos como:
o Relacionales: (SQL)PosgressNo relacionales (NoSQL)Firebase CloudStorageResponsabilidades del Puesto:
1. Desarrollar aplicaciones de cómputo innovadoras de acuerdo con diversos
estándares internacionales y en los tiempos establecidos.
2. Seleccionar las herramientas adecuadas para el mejor desempeño de
proyecto.
3. Dar solución a los bugs que se presentan en los desarrollos.
4. Desarrollar aplicaciones con tecnología web.
5. Informar de los avances de los proyectos.
6. Medir y Planificar proyectos de Software.
7. Asesorar al equipo técnico y no técnico de las mejores prácticas de la
industria para cada proyecto.
8. Garantizar la seguridad en todos sus procesos de desarrollo.
9. Administrar la estructura de bases de datos para asegurar su funcionamiento,
seguridad e integridad.
10. Evaluar sistemas nuevos y existentes.Tipo de puesto: Tiempo completo, IndefinidoSalario: $14,000.00 - $18,000.00 al mesTrabajar desde casa:No"
"1605291259-1705","https://mx.indeed.com/jobs?q=Ciencia%20de%20datos&l=M%C3%A9xico&fromage=14&vjk=065486daa44e0906","2","https://mx.indeed.com/jobs?q=Ciencia+de+datos&l=M%C3%A9xico&fromage=14&start=10","Desarrollador Backend","https://mx.indeed.com/company/Growth-Partners-Up/jobs/Desarrollador-backend-8baf919882a32c17?fccid=6ab3d072478fd07a&vjs=3","Head de Finanzas y Operaciones","https://mx.indeed.com/rc/clk?jk=8da4080906910ddf&fccid=967695469d9d0f6d&vjs=3","OPI","OPI Analytics es la empresa líder en Ciencia de Datos en México. Desarrollamos soluciones

basadas en algoritmos de aprendizaje de máquina y datos alternativos. Nuestro principal activo es

un equipo multidisciplinario apasionado por resolver problemas complejos.

Buscamos a un líder de operaciones que diseñe e implemente procesos y participe en el diseño

estratégico para continuar con nuestra trayectoria de crecimiento acelerada. El puesto requiere

gran liderazgo y a alguien apasionado por el desarrollo de su equipo; visión estratégica combinada

con practicidad; y una combinación de pensamiento analítico e inteligencia emocional para

colaborar con los distintos equipos.




Es una gran oportunidad para unirte a una empresa con gran tracción, en innovación constante, y

líder en una de las industrias más interesantes actualmente. Trabajarás de la mano con los

fundadores en el diseño estratégico y tomarás decisiones de alto impacto al asumir las riendas de

las áreas financieras, administrativas y de recursos humanos.



Quién eres:
Orientado a resultados: Puedes entregar resultados sin excusas aunque sea en primeras
versiones.
Te gusta experimentar y en el pasado has lanzado prototipos de herramientas operativas y
de gestión con los recursos a la mano (zapier, google sheets, IFTT, Integromat, etc.).
Emprendedor: te gustan los retos, te manejas bien en ambientes de alta incertidumbre, no
le tienes miedo a tomar decisiones, puedes pensar en estrategias y empezar a ejecutarlas.
Crítico: cuestionas constantemente el status quo y siempre estás pensando en formas de
mejorar los procesos.
Puedes crear algo de la nada y armar tú solo MVPs con los recursos que tengas a la mano.Te apasiona aprender y mejorar todos los días.Teamplayer: te gusta colaborar y ayudar a los demás a lograr sus objetivos. Conoces tus

fortalezas y limitaciones y buscas formar equipo con gente que te complemente.

Experiencia:

 5 años o más de experiencia combinada en operaciones, finanzas, consultoría estratégica,

VCs, y/o startups.

Experiencia en manejo de equipos de alto desempeño y capacidad probada de trabajar con

equipos técnicos.
Experiencia en la implementación de procesos de mejora operativa y proyectos
multistakeholder.
Analítico: respaldas tus decisiones con datos, cultura organizacional, planteamiento de
experimentos.
Liderazgo horizontal y de equipos multifuncionales.


Ideal: Familiaridad con herramientas de análisis R, SQL, Python .



Responsabilidades:
Diseño en conjunto con el CEO de la estrategia y principales apuestas de crecimiento.Dirección de las áreas de operaciones que incluyen finanzas, administración y recursos

humanos

Planteamiento y gestión de OKRs y monitoreo para recomendar toma de decisiones

estratégicas
Diseño y ejecución de la estrategia financiera incluyendo presupuesto e inversiónDiseño e implementación de procesos de RH que nos permitan seguir creciendo con

enfoque principal en captación y desarrollo de talento de Ciencia de Datos e Ingeniería

Apoyo a las distintas áreas en el diseño e implementación de procesos de mejora operativaImplementación (construir, o comprar) de herramientas de gestión internas para

operaciones

Diseño de estrategia de shared assets y adquisición de datos



Beneficios:
Track de crecimiento a COOCompensación anual $1,600,000 - $2,600,000 dependiendo del perfilSOP20 días de vacaciones al añoSeguro, prestaciones de ley, etc.




Envía tu CV a e.remy@opianalytics.com & d.fraide@opianalytics.com"
"1605291243-1702","https://mx.indeed.com/jobs?q=Ciencia%20de%20datos&l=M%C3%A9xico&fromage=14&vjk=065486daa44e0906","2","https://mx.indeed.com/jobs?q=Ciencia+de+datos&l=M%C3%A9xico&fromage=14&start=10","Desarrollador Backend","https://mx.indeed.com/company/Growth-Partners-Up/jobs/Desarrollador-backend-8baf919882a32c17?fccid=6ab3d072478fd07a&vjs=3","Desarrollador de Software Embebidos","https://mx.indeed.com/company/Taletum-Care/jobs/Desarrollador-software-embebidos-d621728e43c9667d?fccid=c669a3865ca7b89b&vjs=3","Motiva Consultores S.A.","IMPORTANTE EMPRESA DEDICADA A LA FABRICACIÓN DE PRODUCTOS METALMECANICOS POR EXPANSIÓN SOLICITA DESARROLLADOR DE SOFTWARE EMBEDIDOSÚltimo Grado académico: Ingeniería en sistemas computacionales, Matemáticas, Ciencias de la computación, Licenciatura en informática o formación similar.Experiencia Mínima de 5 años en: Lenguaje de programación CDominio del proceso de compilación cruzadaLinux y API del sistemaDiseño de circuitos electrónicosUso RTOSPatrones de diseño de software embebidoProtocolos seriales (UART, SPI, I2C)Estructura de datosImplementación y aplicación de algoritmosConocimiento en: Programación de sistema AndroidEn redesActividades por desempeñar: Diseñar circuitos electrónicos para tarjetas interfaz host-dispositivo.Diseñar y desarrollar el firmware para tarjetas interfaz host-dispositivo.Diseñar y desarrollar los protocolos de comunicación y contratos de interfazDiseñar y desarrollar librerías y módulos de integración de dispositivos con diversas interfases.Diseñar y desarrollar las APIs.Diseñar e implementar los métodos y procesos para el aseguramiento de la calidad de firmware y hardware.Elaborar y mantener la documentación técnica de los proyectos asignados.Condiciones ofrecidas: Sueldo: $30,000 netos.+ Prestaciones de ley+ Seguro de gastos médicos cobertura amplia, + Transporte (Préstamo de auto).Horario: 9:00 a 19:00 hrs. de Lunes a Viernes.Tipo de puesto: Tiempo completoSalario: $30,000.00 - $35,000.00 al mesHorario:Turno de 8 horasExperiencia:Desarrollador de software embebido: 3 años (Requisito deseable)"
"1605290637-1694","https://mx.indeed.com/jobs?q=Ciencia%20de%20datos&l=M%C3%A9xico&fromage=14&vjk=065486daa44e0906","","","","","Desarrollador Web","https://mx.indeed.com/company/CONTAD-GROUP/jobs/Desarrollador-web-160b7434ae2fa818?fccid=72054d154564fe0d&vjs=3","Consultoria Gin","IMPORTANTE EMPRESA COMERCIAL BUSCA PERSONAL CON AMPLIA EXPERIENCIA EN DESARROLLO WEBOFERTA:ESCOLARIDAD: Lic. en Ciencias de la Informática, Matemáticas aplicada o a finEXPERIENCIA: 3 Años como:Desarrollo de páginas Web desde ceroDesarrollo y mantenimiento de aplicaciones (nueva imagen y versión anterior)Hacer pruebas en sistemas en pre-producciónDesarrollo de Interfases de usuariosAsp- Net. NetPatrones de DiseñoDesarrollo de Interfases de usuariosDesarrollo de tiendas en líneaHERRAMIENTAS TECNICA:Html5AspNetJava ScriptCCSPHPJ sonHerramientas de integracion y APIS con websitesWord pressJoomlaCNSBootstrapM y s q I / SQL (Base de datos/conexiones)OFRECEMOSPRESTACIONES DE LEYUTILIDADESBONO DE PUNTUALIDADNOMINA 100%ZONA A LABORAR AZCAPOTZALCO/ZONA INDUSTRIAL VALLEJOTipo de puesto: Por contratoSalario: $25,000.00 - $27,000.00 al mesTrabajar desde casa:No"
"1605290631-1693","https://mx.indeed.com/jobs?q=Ciencia%20de%20datos&l=M%C3%A9xico&fromage=14&vjk=065486daa44e0906","","","","","CONSULTOR TÉCNICO JR","https://mx.indeed.com/rc/clk?jk=d973924ad44bde53&fccid=4cb08e5370fa5be4&vjs=3","KIO NETWORKS","KIO NETWORKS
SOMOS UNA EMPRESA MEXICANA Y AMAMOS LA TECNOLOGÍA, CONTAMOS CON 32 CENTROS DE DATOS DE ALTA DENSIDAD Y DISPONIBILIDAD, LOS MÁS MODERNOS Y ROBUSTOS DE LA REGIÓN, DISTRIBUIDOS EN MÉXICO, ESTADOS UNIDOS, CENTROAMÉRICA, EL CARIBE Y EUROPA.
KIO ES UNA PALABRA EN LENGUA SWAHILI QUE SIGNIFICA ESPEJO Y SIMBOLIZA LOS ELEMENTOS ESENCIALES DE DUALIDAD Y REDUNDANCIA, COMPONENTES MEDULARES DE LOS SERVICIOS DE TECNOLOGÍAS DE INFORMACIÓN DE MISIÓN CRÍTICA.

ÚNETE AL EQUIPO DE TRABAJO COMO: CONSULTOR TECNICO JUNIOR
OBJETIVO:

PROVEER SOPORTE TECNICO Y FUNCIONAL APROPIADO A LOS PRODUCTOS MASNEGOCIO POR MEDIO DE SOLUCIONES DE RAIZ A LAS INCIDENCIAS DE DICHOS PRODUCTOS. ASI MISMO QUE EL ASESORAMIENTO A LOS CLIENTES SE DÉ CON LA MEJOR CALIDAD Y ATENCIÓN POSIBLE.



SE SOLICITA:

EGRESADO EN LICENCIATURA INFORMATICA ADMINSITRATIVA, ING.SISTEMAS, LICENCIATURA CIENCIAS DE LA COMPUTACION

ESCOLARIDAD: LICENCIATURA TERMINADA, TITULADO, PASANTE



REQUISITOS:

EXPERIENCIA: ATENCION A CLIENTESINGLES: BÁSICOHORARIO: ROLAR TURNOCONOCIMIENTO BASICOS DE PROGRAMACION


ACTIVIDADES:

CUMPLIR LOS TIEMPOS DE ATENCION TECNICA Y FUNCIONAL ESTABLECIDOS EN LA GUIA DE SERVICIO DE MESA DE SERVICIO.
REALIZAR LA CORRECTA TIPIFICACIÓN DE LOS TICKETS DURANTE LA OPERACION DIARIA DEL CONSULTOR.MEJORAR LA REDACCION DE LAS RESPUESTAS PROPORCIONADAS QUE SE LE DAN A LOS CLIENTES TANTO POR CORREO COMO EN LOS TICKETS.REDUCIR LAS QUEJAS DE LOS CLIENTES A TRAVÉS DEL SEGUIMIENTO DE LOS TICKETS DIARIO EN UN HORARIO DE 6 A 7 P.M. A TRAVES DE LA HERRAMIENTA DE GESTOR DE TICKETSPROPORCINAR UNA SOLUCION DE RAÍZ A LOS PROBLEMAS DE LAS FUNCIONALIDADES DE LOS PRODUCTOS MN DETECTADOS EN LA OPERACION DIARIA DEL CLIENTE.


REPORTANDO AL: COORDINADOR DE SOPORTE DE PRODUCTOS



ZONA TRABAJO: SAN ANGEL
CAPITAL HUMANO DEBE CUMPLIR CON LA POLÍTICA DE NO DISCRIMINACIÓN OTORGANDO LAS MISMAS OPORTUNIDADES, CONDICIONES Y FORMA DE TRATO SIN IMPORTAR ORIGEN, RELIGIÓN, COLOR O PREFERENCIA SEXUAL Y CONDICIONES FÍSICAS VISIBLES O NO VISIBLES.

Fecha de publicación: Publicado hace 3 días
Fecha de vencimiento: diciembre 20, 2020
Ubicación: CIUDAD DE MÉXICO
Título profesional: CONSULTOR TÉCNICO JR"
"1605290620-1691","https://mx.indeed.com/jobs?q=Ciencia%20de%20datos&l=M%C3%A9xico&fromage=14&vjk=065486daa44e0906","","","","","Gestor de proyecto senior","https://mx.indeed.com/rc/clk?jk=375cf1046efe353e&fccid=896b95770a1d7083&vjs=3","Borda Las Américas A.C.","Descripción
El trabajo consistirá primordialmente en complementar la formulación de proyectos, planificar, desarrollar



planes operativos para intervenciones en México y otros países de Latinoamérica, dar seguimiento, supervisar y monitorear la implementación de proyectos. Apoyar la planificación, coordinación, seguimiento de las actividades de los equipos de proyectos, consultores y voluntarios u otros colaboradores, acompañar a la directiva de BORDA LA A.C. en actividades dentro y fuera de México, preparar artículos, informes, propuestas de proyectos, material de presentación puntuales y generales, así como también herramientas de proyecto como, por ejemplo: guías de monitoreo y evaluación, manuales de operación y mantenimiento, etc.



Perfil/Requisitos
Formación académica: Ciencias políticas, sociales, económicas o de la comunicación, cooperación



internacional para el desarrollo, ingeniería civil, arquitectura, urbanismo y similares. En todos los casos



con enfoque en agua, saneamiento, medio ambiente, desarrollo urbano y/o rural


 Capacidad de planificación, organización y gestión de forma proactiva, autónoma y responsable

 Conocimiento sobre redes y alianzas en México y la región en temas de agua y saneamiento

 Dominio de Microsoft Office (Word, Excel, Power Point)

 Manejo de bases de datos

 Facilidad y experiencia en interacción con funcionarios públicos fundaciones y donadores

 Excelentes capacidades de comunicación orales y escritas

 15 o más años de experiencia en gestión de proyectos

 Edad mínima: 40 años

 3 recomendaciones, es un requisito indispensable

 Nivel avanzado de Inglés es un requisito indispensable




Competencias Flexibilidad, Organización y planificación, Comunicación interpersonal


Nivel Empleado


Tipo de contrato Tiempo completo


Duración Sin especificar


Salario Entre $18,001.00 y $22,000.00 pesos bruto/mensual


Estudios mínimos Licenciatura


Experiencia mínima Más de 15 años


Fecha de inicio 01/01/2021


Fecha finalización de la actividad 31/12/2021


Nº de vacantes 1"
"1605291249-1703","https://mx.indeed.com/jobs?q=Ciencia%20de%20datos&l=M%C3%A9xico&fromage=14&vjk=065486daa44e0906","2","https://mx.indeed.com/jobs?q=Ciencia+de+datos&l=M%C3%A9xico&fromage=14&start=10","Desarrollador Backend","https://mx.indeed.com/company/Growth-Partners-Up/jobs/Desarrollador-backend-8baf919882a32c17?fccid=6ab3d072478fd07a&vjs=3","Responsable de control técnico y analítica","https://mx.indeed.com/company/Grupo-de-la-Parra/jobs/Responsable-control-t%C3%A9cnico-anal%C3%ADtica-e77a23b8c2af42b4?fccid=5757cb28f6d7bbf0&vjs=3","GRUPO DE LA PARRA","Importante empresa de giro Asegurador, solicita:RESPONSABLE DE CENTRO TECNICO.Requisitos: Nivel de estudios: Lic. En Ciencias Actuariales y Financieras y/o Ciencias Económicas o afín (Titulado, Pasante). _ CONTAR CON CARTA DE PASANTE O TITULO._Experiencia: 2 años conocimientos comprobables en el sector asegurador, asistencias y en suscripción de seguros. Bases de Datos y Minería de Datos (Exploración de datos), Consultas SQL básicas. Supervisión y análisis de KPI’s de rentabilidad.Experiencia en el análisis de datos orientado a la Inteligencia de NegociosHorario: Lunes a Viernes: 8:00 am a 5:00pmOfrecemos: Sueldo: $20,000 + Bono anual de $48,000Prestaciones de leySeguro de VidaSeguro de Gastos Médicos MenoresAtención a Médicos, Psicólogos y Nutriologos.Descuentos en Atención Dental o Laboratorios MédicosDescuentos en tiendas DepartamentalesOportunidad de Planta con PRESTACIONES SUPERIORESSeguro de GMMSeguro de VidaReparto de utilidadesFinanciamiento para un automóvilBecasOportunidad de Crecimiento y Desarrollo30 Días de AguinaldoDías de VacacionesImportante: Postúlate si cuentas con el perfil requerido o comunícate con María Avila al 5566802824 envía tu curriculum y tus ultimas 3 cartas de recomendación laboralTipo de puesto: Tiempo completo, IndefinidoSalario: $20,000.00 al mesBeneficios:Descuentos y precios preferencialesHorario:Turno de 8 horasExperiencia:Sector asegurador: 2 años (Requisito deseable)"
"1605291270-1707","https://mx.indeed.com/jobs?q=Ciencia%20de%20datos&l=M%C3%A9xico&fromage=14&vjk=065486daa44e0906","2","https://mx.indeed.com/jobs?q=Ciencia+de+datos&l=M%C3%A9xico&fromage=14&start=10","Desarrollador Backend","https://mx.indeed.com/company/Growth-Partners-Up/jobs/Desarrollador-backend-8baf919882a32c17?fccid=6ab3d072478fd07a&vjs=3","Desarrollador Android","https://mx.indeed.com/company/Minsait/jobs/Desarrollador-android-2eb66a19ac675020?fccid=2f52469492874c9a&vjs=3","Minsait","Somos una de las principales empresas globales de tecnología y consultoría y el socio tecnológico global para los negocios clave de sus clientes en todo el mundo.A través de su unidad de negocio Minsait, Indra da respuesta a los retos que la transformación digital plantea a sus clientes, por medio de la oferta de resultados inmediatos y tangibles a empresas e instituciones.Minsait basa la fortaleza de su oferta comercial en su posición como una de las empresas líderes de la transformación digital.En éstos momentos estamos en búsqueda de Desarrolladores Android.Requisitos: ·Egresados de carreras como: Ing. en computación, ciencias de la computación o afín·Experiencia como Desarrollador Android de al menos 3 años·Experiencia en:
- Java, Kotlin (Deseable)- Android Studio 3 +- REST Web Services- Concepto, Diseño, Desarrollo e Implementación de llamados a API 's.- Conocimientos en diseño de patrones (MVC y MVP)- Bitbucket - git (necesario)- Jira (Deseable)- Ether (Deseable)Ofrecemos: · Contratación permanente con la compañía· Nomina 100% con prestaciones de ley y superiores· Capacitación continua· Retos laborales· CrecimientoInteresados favor de adjuntar su curriculum en formato personal con datos de contacto, no se tomarán en cuenta los CV´s en formato indeed.Tipo de puesto: Tiempo completo, IndefinidoHorario:Lunes a viernesTrabajar desde casa:Sí, temporalmente debido a la COVID-19"
"1605291276-1708","https://mx.indeed.com/jobs?q=Ciencia%20de%20datos&l=M%C3%A9xico&fromage=14&vjk=065486daa44e0906","2","https://mx.indeed.com/jobs?q=Ciencia+de+datos&l=M%C3%A9xico&fromage=14&start=10","Desarrollador Backend","https://mx.indeed.com/company/Growth-Partners-Up/jobs/Desarrollador-backend-8baf919882a32c17?fccid=6ab3d072478fd07a&vjs=3","Atencion a Clientes - Sector Bancario","https://mx.indeed.com/rc/clk?jk=591fe97cbc15336e&fccid=578c67cbbe9b22eb&vjs=3","ReclutaPro","IMPORTANTE BANCO INTERNACIONAL TE OFRECE LA OPORTUNIDAD PARA EMPEZAR A REALIZAR EXPERIENCIA LABORAL Y TE INVITA A FORMAR PARTE DE SU EQUIPO DE TRABAJO COMO:



Ejecutivo Telefónico en Atención a Clientes en productos Bancarios (Información de Cuenta, Tarjeta de Crédito, Afore, Seguros), Capacitación garantizada para brindar a nuestros clientes una informacion correcta de sus productos contratados



REQUISITOS:

Edad indistinta 20 a 35 años



Excelente presentación



Genero Indistinto



Escolaridad Comprobable en: Licenciatura de Ciencia de Datos, Estadística o Económico / Administrativas y/o carreras afines



Experiencia en actividades administrativas y de manejo de bases datos y reportes."
"1605290659-1697","https://mx.indeed.com/jobs?q=Ciencia%20de%20datos&l=M%C3%A9xico&fromage=14&vjk=065486daa44e0906","","","","","Analistas de Datos","https://mx.indeed.com/company/30-inventos/jobs/Analistas-datos-5fbffddfcaf82985?fccid=d38234e7e90fc9c7&vjs=3","Grupo 30 inventos","Somos una agencia con más de 10 años de vida en el mercado mexicano, nos definimos como creatividad guiada por datos
En este 2020 estamos buscando para el área de Analista de Datos talento jovenPuesto: Prácticas profesionales - 100% Home Office
Requisitos: 
Licenciaturas: ciencias económico-administrativas e ingeniería: Ciencia de datos, Informática, Matemáticas, Estadística, Administración, Gestión Empresarial
Experiencia desarrollando (académica):
Excel intermedio-avanzado (Tablas dinámicas, cruces de información, fórmulas básicas, creación de gráficos)
Noción de bases de datos
Razonamiento lógico-matemático.
Analítico y creativo.
Facilidad numérica.
Indispensable el gusto por los números y el análisis de los mismos.
Inglés básico-intermedio.
Apoyo en las actividades de extracción, vaciado, análisis e interpretación de datos.
Elaboración de reportes.Edad: 21 – 22 años
Sexo: Indistinto
Excelente ortografía
Proactividad , empatía con los proyectos y amante del detalle.
Tipo de puesto: Tiempo completo
Deberás contar con PC y conexión estable a internet
POR EL MOMENTO NO CONTAMOS CON APOYO ECONÓMICO, SIN EMBARGO AL TERMINAR LAS PRACTICAS Y CON DESEMPEÑOS SOBRESALIENTES SE BUSCAN CONTRATAR
Interesados mandar CV para agendar Videoentrevista
Contacto: Erika Hernández
Teléfono: 5567210150Duración del contrato: 6 mesesTipo de puesto: Tiempo completo, Beca / prácticasSalario: $1,000.00 al mesTrabajar desde casa:Sí, siempre"
"1605290855-1699","https://mx.indeed.com/jobs?q=Ciencia%20de%20datos&l=M%C3%A9xico&fromage=14&vjk=065486daa44e0906","","","","","Analista de TI","https://mx.indeed.com/rc/clk?jk=22c5a1c1c70a23f4&fccid=8fb6b585752889ba&vjs=3","Marmoles Natura","Esta vacante viene de la bolsa de empleo Talenteca.com


FORMA PARTE DE NUESTRO EQUIPO DE TRABAJO


Somos una Importante comercializadora de Mármol, Cuarzo y Granito, comprometidos con la calidad y satisfacción de nuestros clientes, Únete a nuestro equipo!!


Buscamos ""Analista de TI""


Que tenga ganas de desarrollarse profesionalmente, adquiriendo responsabilidad en toda la organización brindando un servicio de calidad, cumpliendo objetivos que se establezcan por cada área de servicio.


PERFIL:


Escolaridad: Lic. en sistemas, ciencias de la computación o afín


Experiencia: 1 a 2 años


Conocimiento: Sistemas operativos para distintas plataformas, administración en base de datos, sistemas de comunicación, desarrollo en sistemas, metodologías de software y hardware, configuración de red, mantenimiento preventivo en PC's y lap tops, configuración e instalación a equipo de computo.


FUNCIONES:


Dar apoyo y soporte al usuario de manera remota o presencial
Cumplir con el programa de mantenimiento correctivos y preventivos a cada equipo
Seguimiento a los equipos y problemáticas de los usuarios
Ejecución de respaldos y actualizaciones, dará mantenimiento a la información contenida en las bases de datos.
Realizar inventario de equipos
Soporte y mantenimiento a site con soporte a las cámaras de cada sucursal
Establecer comunicación con los proveedores
Elaboración de reportes de estatus de equipo, reparaciones y será presentado a Dirección


ODRECEMOS:


Prestaciones de ley


Desarrollo profesional


Estabilidad laboral


Lunes a Viernes de 9:00 a 18:00hrs


Pago quincenal


Fecha de inicio prevista: 1/12/2020


Tipo de puesto: Tiempo completo, Indefinido

Esta vacante viene de la bolsa de empleo Talenteca.com: https://www.talenteca.com/mexico/empleo/naucalpan-de-juarez/analista-de-ti/5fad60174e0000105dd1c93ct1?source=indeed"
"1605290646-1695","https://mx.indeed.com/jobs?q=Ciencia%20de%20datos&l=M%C3%A9xico&fromage=14&vjk=065486daa44e0906","","","","","DESARROLLADOR CHATBOT","https://mx.indeed.com/company/J2E-soluciones/jobs/Desarrollador-chatbot-db9762d9127f4dcc?fccid=cd38f75bb2b9c1ac&vjs=3","J2E soluciones","DESARROLLADOR CHATBOTRequisitos: En computación, Ciencias de la computación, Matemático o físico.Edad: 20 a 35 añosExperiencia mínima: 6 mesesConocimientos: Lenguaje de programación PythonInteligencia artificial NLP/NLU (RASA - INDISPENSABLE)Frameworks: Flask y/o DjangoBase de Datos Mongo DBOFRECEMOS: Sueldo $10,000 a $22,000 netos según experiencia.Oportunidad de desarrollo.Oportunidad de actualización en tecnologías de punta.Excelente ambiente de trabajo.Zona de trabajo Col. Anzures CDMX.L a V de 10:00 a 19:00 hrs Sábado 10:00 a 14:00 hrs.Home Office temporal por COVID-19Si te encuentras interesado en la vacante y cubres con el perfil solicitado, favor de postularse por este medio o enviar tu CV actualizado a través de WhatsApp: 5533157282 LIC. MARI JIMENEZTipo de puesto: Tiempo completo, IndefinidoSalario: Hasta $22,000.00 al mesTrabajar desde casa:Temporalmente debido al COVID-19"
